filename,satellite,pass_timestamp,record_start,sample_rate_sps,bytes,MiB,GiB,disposition,reason,retention_class,images_produced,useful_images,explicitly_protected,protected_reference_reason,age_days,age_source,grace_deadline,supported_procedure_completed,trial_shifts_hz,capture_status,selected_decode_classification,decode_failed,evidence_record,fingerprint_provenance
M2-3_20260928_223042_137900000.cu8,M2-3,2026-09-28T22:32:12+03:00,2026-09-28T22:30:42+03:00,256000,398721024,380.25,0.371337890625,REVIEW,Decoder error or interrupted offset search needs review: selected returncode=139; Nominal processing failed; preserve IQ and normal bounded retry behavior,processing_failed,True,0,False,,6.925006208553241,capture_completion,2026-09-30T19:43:46.142047+00:00,False,[],completed,EMPTY/FAILED,True,/root/rf-watchkeeper/data/meteor-auto/retention-review/M2-3_20260928_223042_137900000/pass.json,
M2-3_20260929_202718_137900000.cu8,M2-3,2026-09-29T20:28:48+03:00,2026-09-29T20:27:18+03:00,256000,401342464,382.75,0.373779296875,PROTECTED,Documented native-decoder regression and frequency-offset troubleshooting reference (historical-cleanup-20261005/report.md),pinned,False,0,True,Documented native-decoder regression and frequency-offset troubleshooting reference (historical-cleanup-20261005/report.md),6.010628127326389,capture_completion,,False,[],completed,,False,/root/rf-watchkeeper/data/meteor-auto/retention-review/M2-3_20260929_202718_137900000/pass.json,
M2-3_20260929_220706_137900000.cu8,M2-3,2026-09-29T22:08:36+03:00,2026-09-29T22:07:06+03:00,256000,410517504,391.5,0.38232421875,DELETABLE,Capture grace expired; supported current nominal and offset procedure produced no useful images,no_signal,False,0,False,,5.9411158449421295,capture_completion,2026-09-30T19:20:34.269463+00:00,True,"[0, -32500, -17500]",completed,EMPTY/FAILED,False,/root/rf-watchkeeper/data/meteor-auto/retention-review/M2-3_20260929_220706_137900000/pass.json,
M2-3_20260930_115106_137900000.cu8,M2-3,2026-09-30T11:52:36+03:00,2026-09-30T11:51:06+03:00,256000,417333248,398.0,0.388671875,DELETABLE,Capture grace expired; supported current nominal and offset procedure produced no useful images,no_signal,False,0,False,,5.3687409778125,capture_completion,2026-10-01T09:04:47.457983+00:00,True,"[0, -17500, -32500]",completed,EMPTY/FAILED,False,/root/rf-watchkeeper/data/meteor-auto/retention-review/M2-3_20260930_115106_137900000/pass.json,
M2-3_20260930_200427_137900000.cu8,M2-3,2026-09-30T20:05:57+03:00,2026-09-30T20:04:27+03:00,1024000,1548746752,1477.0,1.4423828125,DELETABLE,Capture grace expired; supported current nominal and offset procedure produced no useful images,no_signal,False,0,False,,5.026832083344908,capture_completion,2026-10-01T17:17:08.386465+00:00,True,"[0, -12500, -27500]",completed,SIGNAL/UNUSABLE,False,/root/rf-watchkeeper/data/meteor-auto/retention-review/M2-3_20260930_200427_137900000/pass.json,
M2-3_20261001_212022_137900000.cu8,M2-3,2026-10-01T21:21:52+03:00,2026-10-01T21:20:22+03:00,1024000,1675624448,1598.0,1.560546875,DELETABLE,Capture grace expired; supported current nominal and offset procedure produced no useful images,no_signal,False,0,False,,3.973397579930556,capture_completion,2026-10-02T18:34:05.127560+00:00,True,"[0, 60000, 7500]",completed,SIGNAL/UNUSABLE,False,/root/rf-watchkeeper/data/meteor-auto/retention-review/M2-3_20261001_212022_137900000/pass.json,
M2-3_20261002_110436_137900000.cu8,M2-3,2026-10-02T11:06:06+03:00,2026-10-02T11:04:36+03:00,1024000,1646788608,1570.5,1.53369140625,DELETABLE,Capture grace expired; supported current nominal and offset procedure produced no useful images,no_signal,False,0,False,,3.4011721154513888,capture_completion,2026-10-03T08:18:05.407691+00:00,True,"[0, 60000, 45000]",completed,SIGNAL/UNUSABLE,False,/root/rf-watchkeeper/data/meteor-auto/retention-review/M2-3_20261002_110436_137900000/pass.json,
M2-3_20261002_223753_137900000.cu8,M2-3,2026-10-02T22:39:23+03:00,2026-10-02T22:37:53+03:00,1024000,1571291136,1498.5,1.46337890625,PROTECTED,"Useful channel products preserved, including historical/crash outputs",useful,True,3,False,,2.920154216215278,capture_completion,,False,[],completed,PARTIAL_SUCCESS,True,/root/rf-watchkeeper/data/meteor-auto/retention-review/M2-3_20261002_223753_137900000/pass.json,
M2-3_20261003_122125_137900000.cu8,M2-3,2026-10-03T12:22:55+03:00,2026-10-03T12:21:25+03:00,1024000,1640759296,1564.75,1.528076171875,DELETABLE,Capture grace expired; supported current nominal and offset procedure produced no useful images,no_signal,False,0,False,,2.347863196365741,capture_completion,2026-10-04T09:34:51.298300+00:00,True,"[0, 60000, 45000]",completed,SIGNAL/UNUSABLE,False,/root/rf-watchkeeper/data/meteor-auto/retention-review/M2-3_20261003_122125_137900000/pass.json,
M2-3_20261003_203413_137900000.cu8,M2-3,2026-10-03T20:35:43+03:00,2026-10-03T20:34:13+03:00,1024000,1622409216,1547.25,1.510986328125,DELETABLE,Capture grace expired; supported current nominal and offset procedure produced no useful images,no_signal,False,0,False,,2.005744671145833,capture_completion,2026-10-04T17:47:30.338879+00:00,True,"[0, 60000, 45000]",completed,SIGNAL/UNUSABLE,False,/root/rf-watchkeeper/data/meteor-auto/retention-review/M2-3_20261003_203413_137900000/pass.json,
M2-3_20261003_221412_137900000.cu8,M2-3,2026-10-03T22:15:42+03:00,2026-10-03T22:14:12+03:00,256000,408682496,389.75,0.380615234375,PROTECTED,"Useful channel products preserved, including historical/crash outputs",useful,True,9,False,,1.9362345696180556,capture_completion,,False,[],completed,EMPTY/FAILED,True,/root/rf-watchkeeper/data/meteor-auto/passes/m23-20261003T191542Z/pass.json,
M2-3_20261004_115807_137900000.cu8,M2-3,2026-10-04T11:59:37+03:00,2026-10-04T11:58:07+03:00,256000,416284672,397.0,0.3876953125,DELETABLE,Capture grace expired; supported current nominal and offset procedure produced no useful images,no_signal,False,0,False,,1.3638948324074074,capture_completion,2026-10-05T09:11:46.164946+00:00,True,"[0, 45000, 60000]",completed,EMPTY/FAILED,False,/root/rf-watchkeeper/data/meteor-auto/retention-review/M2-3_20261004_115807_137900000/pass.json,"{'established_at': '2026-10-05T17:52:23.792020+00:00', 'basis': 'Original managed record predates fingerprint capture; review establishes the current unchanged task-baseline input only. Historical metadata remains untouched.'}"
M2-3_20261005_083451_137900000.cu8,M2-3,2026-10-05T08:36:21.699359+00:00,2026-10-05T08:34:51.699359+00:00,256000,420216832,400.75,0.391357421875,GRACE,Finite capture-completion grace period has not expired,no_signal,False,0,False,,0.38000995847222224,capture_completion,2026-10-06T08:48:33.818054+00:00,False,[],completed,EMPTY/FAILED,False,/root/rf-watchkeeper/data/meteor-auto/passes/m23-20261005T083621Z/pass.json,
M2-3_manual_20260928_2112_137900000.cu8,M2-3 (manual filename),,,,99090432,94.5,0.09228515625,PROTECTED,Explicit manual decoder reference; incomplete capture metadata,pinned,False,0,True,Explicit manual decoder reference; incomplete capture metadata,6.9949434187268515,file_mtime (capture metadata unavailable),,False,[],,,False,/root/rf-watchkeeper/data/meteor-auto/retention-review/M2-3_manual_20260928_2112_137900000/pass.json,
M2-4_20260929_051817_137900000.cu8,M2-4,2026-09-29T05:19:47+03:00,2026-09-29T05:18:17+03:00,256000,420741120,401.25,0.391845703125,DELETABLE,Capture grace expired; supported current nominal and offset procedure produced no useful images,no_signal,False,0,False,,6.641466036180555,capture_completion,2026-09-30T02:32:04.012940+00:00,True,"[0, -7500, 7500]",completed,SIGNAL/UNUSABLE,False,/root/rf-watchkeeper/data/meteor-auto/retention-review/M2-4_20260929_051817_137900000/pass.json,
M2-4_20260929_150958_137900000.cu8,M2-4,2026-09-29T15:11:28+03:00,2026-09-29T15:09:58+03:00,256000,0,0.0,0.0,DELETABLE,Expired failed capture contains zero IQ samples; history retained,processing_failed,False,0,False,,6.228469038981481,capture_completion,2026-09-30T12:26:46.953498+00:00,False,[],failed_no_iq,,False,/root/rf-watchkeeper/data/meteor-auto/retention-review/M2-4_20260929_150958_137900000/pass.json,
M2-4_20260930_045637_137900000.cu8,M2-4,2026-09-30T04:58:07+03:00,2026-09-30T04:56:37+03:00,256000,416808960,397.5,0.38818359375,DELETABLE,Capture grace expired; supported current nominal and offset procedure produced no useful images,no_signal,False,0,False,,5.656591576493056,capture_completion,2026-10-01T02:10:17.166257+00:00,True,"[0, -20000, -35000]",completed,EMPTY/FAILED,False,/root/rf-watchkeeper/data/meteor-auto/retention-review/M2-4_20260930_045637_137900000/pass.json,
M2-4_20260930_144950_137900000.cu8,M2-4,2026-09-30T14:51:20+03:00,2026-09-30T14:49:50+03:00,1024000,1679294464,1601.5,1.56396484375,DELETABLE,Capture grace expired; supported current nominal and offset procedure produced no useful images,no_signal,False,0,False,,5.2445732587847225,capture_completion,2026-10-01T12:03:35.548907+00:00,True,"[0, -22500, -37500]",completed,EMPTY/FAILED,False,/root/rf-watchkeeper/data/meteor-auto/retention-review/M2-4_20260930_144950_137900000/pass.json,
M2-4_20261001_043500_137900000.cu8,M2-4,2026-10-01T04:36:30+03:00,2026-10-01T04:35:00+03:00,1024000,1634467840,1558.75,1.522216796875,REVIEW,Decoder error or interrupted offset search needs review: selected returncode=139; Nominal processing failed; preserve IQ and normal bounded retry behavior,processing_failed,True,0,False,,4.671797425532407,capture_completion,2026-10-03T01:48:23.380900+00:00,False,[],completed,EMPTY/FAILED,True,/root/rf-watchkeeper/data/meteor-auto/retention-review/M2-4_20261001_043500_137900000/pass.json,
M2-4_20261001_142820_137900000.cu8,M2-4,2026-10-01T14:29:50+03:00,2026-10-01T14:28:20+03:00,1024000,1654915072,1578.25,1.541259765625,DELETABLE,Capture grace expired; supported current nominal and offset procedure produced no useful images,no_signal,False,0,False,,4.259644224305556,capture_completion,2026-10-02T11:41:53.417486+00:00,True,"[0, 30000, 45000]",completed,SIGNAL/UNUSABLE,False,/root/rf-watchkeeper/data/meteor-auto/retention-review/M2-4_20261001_142820_137900000/pass.json,
M2-4_20261001_160849_137900000.cu8,M2-4,2026-10-01T16:10:19+03:00,2026-10-01T16:08:49+03:00,1024000,1607729152,1533.25,1.497314453125,DELETABLE,Capture grace expired; supported current nominal and offset procedure produced no useful images,no_signal,False,0,False,,4.190131652893519,capture_completion,2026-10-02T13:21:59.303656+00:00,True,"[0, 22500, 37500]",completed,SIGNAL/UNUSABLE,False,/root/rf-watchkeeper/data/meteor-auto/retention-review/M2-4_20261001_160849_137900000/pass.json,
M2-4_20261002_041325_137900000.cu8,M2-4,2026-10-02T04:14:55+03:00,2026-10-02T04:13:25+03:00,1024000,1575223296,1502.25,1.467041015625,DELETABLE,Capture grace expired; supported current nominal and offset procedure produced no useful images,no_signal,False,0,False,,3.68712138181713,capture_completion,2026-10-03T01:26:19.391077+00:00,True,"[0, 60000, 45000]",completed,SIGNAL/UNUSABLE,False,/root/rf-watchkeeper/data/meteor-auto/retention-review/M2-4_20261002_041325_137900000/pass.json,
M2-4_20261002_140657_137900000.cu8,M2-4,2026-10-02T14:08:27+03:00,2026-10-02T14:06:57+03:00,256000,402915328,384.25,0.375244140625,DELETABLE,Capture grace expired; supported current nominal and offset procedure produced no useful images,no_signal,False,0,False,,3.2747278988425927,capture_completion,2026-10-03T11:20:10.188006+00:00,True,"[0, 55000, 40000]",completed,SIGNAL/UNUSABLE,False,/root/rf-watchkeeper/data/meteor-auto/retention-review/M2-4_20261002_140657_137900000/pass.json,
M2-4_20261002_154649_137900000.cu8,M2-4,2026-10-02T15:48:19+03:00,2026-10-02T15:46:49+03:00,1024000,1657012224,1580.25,1.543212890625,DELETABLE,Capture grace expired; supported current nominal and offset procedure produced no useful images,no_signal,False,0,False,,3.2051328370138887,capture_completion,2026-10-03T13:00:23.201348+00:00,True,"[0, 60000, 45000]",completed,SIGNAL/UNUSABLE,False,/root/rf-watchkeeper/data/meteor-auto/retention-review/M2-4_20261002_154649_137900000/pass.json,
M2-4_20261003_053146_137900000.cu8,M2-4,2026-10-03T05:33:16+03:00,2026-10-03T05:31:46+03:00,1024000,1679556608,1601.75,1.564208984375,PROTECTED,"Useful channel products preserved, including historical/crash outputs",useful,True,3,False,,2.6321213478935186,capture_completion,,False,[],completed,PARTIAL_SUCCESS,True,/root/rf-watchkeeper/data/meteor-auto/retention-review/M2-4_20261003_053146_137900000/pass.json,
M2-4_20261003_152459_137900000.cu8,M2-4,2026-10-03T15:26:29+03:00,2026-10-03T15:24:59+03:00,1024000,1681653760,1603.75,1.566162109375,PROTECTED,"Useful channel products preserved, including historical/crash outputs",useful,True,3,False,,2.2201543986921295,capture_completion,,False,[],completed,PARTIAL_SUCCESS,True,/root/rf-watchkeeper/data/meteor-auto/retention-review/M2-4_20261003_152459_137900000/pass.json,
M2-4_20261004_065024_137900000.cu8,M2-4,2026-10-04T06:51:54+03:00,2026-10-04T06:50:24+03:00,256000,386138112,368.25,0.359619140625,DELETABLE,Capture grace expired; supported current nominal and offset procedure produced no useful images,no_signal,False,0,False,,1.5782688736689814,capture_completion,2026-10-05T04:03:04.247781+00:00,True,"[0, 50000, 35000]",completed,EMPTY/FAILED,False,/root/rf-watchkeeper/data/meteor-auto/retention-review/M2-4_20261004_065024_137900000/pass.json,"{'established_at': '2026-10-05T17:53:09.783535+00:00', 'basis': 'Original managed record predates fingerprint capture; review establishes the current unchanged task-baseline input only. Historical metadata remains untouched.'}"
M2-4_20261004_150317_137900000.cu8,M2-4,2026-10-04T15:04:47+03:00,2026-10-04T15:03:17+03:00,256000,420216832,400.75,0.391357421875,PROTECTED,Documented weak/poor reception regression reference (historical-cleanup-20261005/report.md),pinned,False,0,True,Documented weak/poor reception regression reference (historical-cleanup-20261005/report.md),1.2352139156712962,capture_completion,,False,[],completed,SIGNAL/UNUSABLE,False,/root/rf-watchkeeper/data/meteor-auto/passes/m24-20261004T120447Z/pass.json,
M2-4_20261005_014827_137900000.cu8,M2-4,2026-10-05T01:49:57.513173+00:00,2026-10-05T01:48:27.513173+00:00,1024000,1665400832,1588.25,1.551025390625,PROTECTED,"Useful channel products preserved, including historical/crash outputs",useful,True,9,False,,0.6623275153125,capture_completion,,False,[],completed,PARTIAL_SUCCESS,True,/root/rf-watchkeeper/data/meteor-auto/passes/m24-20261005T014957Z/pass.json,
M2-4_20261005_114142_137900000.cu8,M2-4,2026-10-05T11:43:12.821852+00:00,2026-10-05T11:41:42.821852+00:00,256000,419954688,400.5,0.39111328125,GRACE,Finite capture-completion grace period has not expired,no_signal,False,0,False,,0.2502637475,capture_completion,2026-10-06T11:55:23.890682+00:00,False,"[0, 45000, 60000]",completed,EMPTY/FAILED,False,/root/rf-watchkeeper/data/meteor-auto/passes/m24-20261005T114312Z/pass.json,
V4-VERIFY_20260930_193204_137900000.cu8,V4-VERIFY,2026-09-30T19:32:04+00:00,2026-09-30T19:32:04+00:00,1024000,59506688,56.75,0.055419921875,PROTECTED,Explicit V4 hardware verification/reference recording,pinned,False,0,True,Explicit V4 hardware verification/reference recording,4.932734889386574,capture_completion,,False,[],completed,,False,/root/rf-watchkeeper/data/meteor-auto/retention-review/V4-VERIFY_20260930_193204_137900000/pass.json,
